<?xml version="1.0" encoding="UTF-8"?>
<schemalist gettext-domain="gnome-shell-extensions">
  <enum id='org.gnome.shell.extensions.workspaces-to-dock.HorizontalPositions'>
    <value value='0' nick='left'/>
    <value value='1' nick='middle'/>
    <value value='2' nick='right'/>
  </enum>
  <schema path="/org/gnome/shell/extensions/workspaces-to-dock/" id="org.gnome.shell.extensions.workspaces-to-dock">
    <key type="b" name="dock-fixed">
      <default>false</default>
      <summary>Dock always visible</summary>
      <description>Dock is always visible</description>
    </key>
    <key type="d" name="animation-time">
      <default>0.25</default>
      <summary>Animation time</summary>
      <description>Sets the time duration of the autohide effect.</description>
    </key>
    <key type="d" name="show-delay">
      <default>0.5</default>
      <summary>Show delay</summary>
      <description>Sets the delay after the mouse reaches the screen border before showing the dock.</description>
    </key>
    <key type="d" name="hide-delay">
      <default>0.1</default>
      <summary>Show delay</summary>
      <description>Sets the delay after the mouse left the dock before hiding it.</description>
    </key>
    <key type="b" name="autohide">
      <default>true</default>
      <summary>Dock shown on mouse over</summary>
      <description>Enable or disable autohide mode</description>
    </key>
    <key type="b" name="intellihide">
      <default>true</default>
      <summary>Dock dodges windows</summary>
      <description>Enable or disable intellihide mode</description>
    </key>
    <key type="i" name="intellihide-option">
      <default>0</default>
      <summary>Intellihide mode options</summary>
      <description>Select type of intellihide mode</description>
    </key>
    <key type="b" name="opaque-background">
      <default>true</default>
      <summary>Workspaces background is opaque</summary>
      <description>Makes the background of the workspaces opaque improving readability when in autohide mode.</description>
    </key>
    <key type="b" name="opaque-background-always">
      <default>false</default>
      <summary>Workspaces background always opaque</summary>
      <description>Makes the background of the workspaces opaque improving readability even when not in autohide mode.</description>
    </key>
    <key type="d" name="background-opacity">
      <default>0.9</default>
      <summary>Opacity of the workspaces background</summary>
      <description>Sets the opacity of the workspaces background  when in autohide mode.</description>
    </key>
    <key type="i" name="preferred-monitor">
      <default>-1</default>
      <summary>Monitor on which to put the dock</summary>
      <description>Choose on which monitor to put the dock, use -1 for the primary one</description>
    </key>
    <key type="b" name="extend-height">
      <default>false</default>
      <summary>Extend height of dock</summary>
      <description>Makes the dock extend vertically to fill the screen.</description>
    </key>
    <key type="d" name="top-margin">
      <default>0</default>
      <summary>Top margin of extended dock</summary>
      <description>Sets the top margin when the dock is extended vertically.</description>
    </key>
    <key type="d" name="bottom-margin">
      <default>0</default>
      <summary>Bottom margin of dock</summary>
      <description>Sets the bottom margin when the dock is extended vertically.</description>
    </key>
    <key type="b" name="workspace-captions">
      <default>true</default>
      <summary>Show workspace captions</summary>
      <description>Enable or disable workspace captions.</description>
    </key>
    <key type="as" name="workspace-caption-items">
      <default>['number:false', 'spacer:true', 'windowcount:false']</default>
      <summary>List of items placed in caption</summary>
      <description>List of items placed in the caption - allowed items are number, name, windowcount, and spacer.</description>
    </key>
    <key type="b" name="workspace-caption-windowcount-image">
      <default>true</default>
      <summary>Show workspace window count labels</summary>
      <description>Enable or disable workspace window count labels.</description>
    </key>
    <key type="b" name="toggle-overview">
      <default>true</default>
      <summary>Toggle overview mode</summary>
      <description>Toggle overview mode with right click</description>
    </key>
    <key type="b" name="dashtodock-hover">
      <default>false</default>
      <summary>Dock shown on Dash-To-Dock mouse over</summary>
      <description>Enable or disable Dash-To-Dock hover mode</description>
    </key>
  </schema>
</schemalist>
