{
    "name": "Workspaces to Dock",
    "description": "A Gnome Shell extension that transforms the workspaces of the overview mode into an intellihide dock.  The dock is positioned and sized to maintain tight integration with the Gnome Shell.\n\nThe latest release includes support for localization and the option to extend the height of the dock.\n\nPlease see the Github homepage for details on installation, settings, known issues, and version features. A backport is also available on Github for Gnome Shell 3.2 users.",
    "original-author": "passingthru67@gmail.com",
    "shell-version": ["3.4","3.6","3.8"],
    "url": "https://github.com/passingthru67/workspaces-to-dock",
    "uuid": "workspaces-to-dock@passingthru67.gmail.com",
    "gettext-domain": "workspacestodock",
    "version": 0
}
